Scenario,Local_Precision,Global_Precision,Local_Recall,Global_Recall,Local_F1,Global_F1,F1_Improvement,Improvement_Pct,Local_Detection_Delay,Global_Detection_Delay
Low Sensitivity,0.9786666666666667,0.9577735124760077,0.734,0.998,0.8388571428571429,0.9774730656219393,0.1386159227647964,16.524377713787036,44,1
Medium Sensitivity,0.8023255813953488,0.8596491228070176,0.276,0.784,0.4107142857142857,0.8200836820083682,0.40936939629408253,99.67254866290706,145,42
High Sensitivity,0.627906976744186,0.5544554455445545,0.16167664670658682,0.16766467065868262,0.2571428571428571,0.2574712643678161,0.0003284072249589709,0.1277139208173776,89,87
